department_id,pass
0,l3b4lgtie5oo
1,fo71eq5st0
2,x3l5ufl5eiq3nl
3,g0ktitl6l76m2vu9
4,do1nj1vyhr7wtk
5,6qa25u2pvxt1c
6,1i9mlezqwetm4
7,jygvarwuzu7o
8,9junlhabqxfxt
9,kgv5xsxts8ta6
10,760fxfh0vfseufc
11,g0edb30skq7hp
12,ejbjcda0874
13,evtiklaygdf
14,euc9ahnt4s3ff7d
15,1l1ztcaxzhuk3vrl
16,yktz0e83ddg6d
17,91ajsh2epz
18,4mzdcpbpnem8nwdx
19,dt2ruczm8lx5o0mk
20,617gezq3a4mz2wr
21,xmuux4b7qlw890w
22,j87njnumszd0
23,5zrmhlxuufs89q0
24,h4jomcrdq46j
25,o59me4zedqfqj
26,x8vh8p38o8
27,hijqgh88cl
28,m1gpuibb2980t
29,4z0i4yghl7xbu6
30,xa08dnhbf6kgmf4a
31,lilsldhcqsidnn
32,mdqpl5xtc8
33,oag6i7sfsr3nat
34,yr6jkq3xkuy4me
35,mbeyi5e0gcny42x
36,57p74ksil3tdgq
37,zng3v14n8soei
38,3pmm7q20vk
39,vylkf09q2uzw0r61
40,px9uq6e2fw
41,7w0paru7m15f912
42,shq1gr8hofd
43,564m20wm3e7
44,v2912w10a8sc2l6
45,vedq82k0vej
46,dltsc4ovc315h
47,89tf7e0xvj8crv3v
48,h10q3j6we11tb
49,ma5ysrdp5z
50,wog7urvmpfut2o85
51,0r8hti22lchbjkq
52,uc0agymjrg1d0w0
53,drby4sw8lmtqwp5
54,ihvst0ionzhhwg
55,kv5pkyla2kkyktjr
56,qms80za0nrx9c93
57,fxoh9ccroh
58,go3gjrqw52n063
59,wr3r2ybximk7
60,sykngz1tmd5jq1
61,ldyr0a7v9xg06jwo
62,gguy1fcxxrda
63,q3alx9l2uy0m1
64,i2neeg4fz6fhdyj
65,3yqjrtaljhktt6
66,131ez78r06q25hpw
67,y1jox3gto3
68,gz0o5vfqmzb50
69,ll6ywjgudw9d
70,g25p4ktj8y5x46
71,koimu85rmw028ca
72,ufen64ncgj6
73,utmu9ugeaz
74,mw126l0818s2
75,9866xwm11ixwe
76,p8cmaiwj8i
77,1rxjnamtrdc7
78,gc18sd6gc5m5157
79,12tqkb8twwehenu
80,7ku2pha3o6
81,sjfkxi3ynjrwpxzu
82,fskon9eqhf4vhwnk
83,inju5ryhe0
84,jm0f0z4iklhu
85,wgrg307wow5ly
86,5jmtf5beshk
87,oj0ipbfhwu2
88,czepe20dxp8w3e1e
89,bxkk08nmygwnh0gi
90,swlgtsnhfnnu0mgm
91,fh90thrgvab
92,k0ftfvlezxufj3f5
93,2va2ep9auw
94,ynejdwjwkgjwpf77
95,sprgvxcsnv98
96,fgsayu87os06
97,k3cik59044kh
98,s2b1yrggeuuf
99,ch4ais9itgryva9
100,t4x0dzecv6t8
101,addyy00xqke
102,4yhfq95f24
103,6ptqltg702c3h
104,86ezx96920m9c6g
105,v1i5bca727v
106,6zs4nhggar8c
107,4poltt0kfl4mvfrt
108,oh2qy5rp2c
109,vqnu6o07o2s
110,jve8w0dlrtbbobo9
111,3u0ixm71i3ttxjeb
112,j3yialdzxbsuldpz
113,50y1a8qd94gn
114,t6xkub537dqagl
115,gccy8k8cqo36qkpv
116,j038vr1bhzpx7n
117,bfrcwn5ey93bshf
118,pibncet8or
119,jljithp73qei
120,ck78z9uzb2m689j5
121,tjuk2lvjyd8vo
122,ne9epq4x71
123,una0ghx0g2idnga
124,xjl0ii1kfkmtqgpe
125,bvc48mtfntod1k
126,kk6qkypb9s
127,d6m4yl3itizhcoc
128,hy8yl2px5i4klp0p
129,o0ta1youws
130,y48eirvz698lkx8m
131,46b6m9wrovpb1
132,cgoh99351nrxhg
133,jpwxpgfbykfr44
134,e3dwrzi3xv829p5
135,zw20xwwb7k5d
136,htaw3r9ga0y2
137,ybmofcplwy0e
138,5ml3i3rx6d12fpxw
139,m14u2ljdvwmxl8
140,8jkscjogkpjrjj
141,m3074cnoiehpe3r
142,yby783j5kk1t9be
143,3k8tox43ular
144,pqlbbv3ivy3bmn
145,vnwsgo2b2n1jn09q
146,mj4us6kulgormz5l
147,9mtpn1m8updimb4h
148,7nq4e7c40zxnje
149,y8ghuwmiy2o
150,51an20tub0v9t
151,htws9safo1bi1
152,yr74ut64ekfvua
153,okeizfoj7ga2tvuc
154,iac5l82roc
155,0xbw3m7bgqk93b4r
156,jcp0u2c5fg
157,wrb5nyvgg3sucya
158,iluo2b2cox7kokhw
159,xem1bz1lquids95
160,ulgaidjfh32dwi
161,pdvy5b1hejh7a9
162,8u5ml32d19vejrfl
163,qlgjkab890qpp
164,zgtqjzpuw6ljfs41
165,a75beg90epseu
166,vey5sa8nbb
167,c7asb3tbdf
168,5w466kq6w0s
169,bq4q8kkiai
170,jd239nc6cg9n8z
171,glhtkwtsilihk
172,2m9jlmjpmx
173,yuopkaubq3klop
174,t3z4ldkhypgm7eg
175,dpey3e68hehas
176,2z8x9itlw503
177,ny5kmv2gz0zh37j
178,ejca8cwsmzu3l
179,spa7lji85ln
180,y6x8cyh8y6vzc
181,fkaq2k5q26zim51l
182,jxowyhsuzjhb7
183,sk731xnvzz5n
184,c01a7pfqsqi9e8
185,ruwas2jbc8
186,p2zw1hz827knslv
187,6wm2zepv69kzs1so
188,sm1wukukdv
189,vvrbb2pq3n20eo7
190,znzmetp8g91n4b
191,gjnlzq98oy
192,8wxrvvzdzkx863qx
193,ao4r1dzwfvppy669
194,t6y6drz1unh4j0k
195,zlqxrkz855
196,ty142kngwjlu
197,r6z5ztf7ov82s2a
198,05nhbhssne1v8yv
199,nqkeeyqgpn83r2r4
200,wk1y8xtiw11
201,gt6uoe15wzrdug1
202,xtumrrau69voc5
203,4e9qavtm5ux
204,0f2jicrqp9
205,a943x6txtncg86t8
206,eh9jvuq2f2ayruv
207,smcst2sbwzr
208,dvqt9wyeac9r227
209,2jg4zr2nyx
210,pxsxc88xgw
211,17ejqgunnot7cch
212,uijqx0zgq56
213,prdmeb9wbadsfrr7
214,t4slmel4bqlxhob
215,ba9f7qmz7ii6
216,oeo62g4gj934pqll
217,wutwrlaxqhsncrmu
218,9m7643zekig
219,3lmsb328icj11p6k
220,2dqo97xaa9ak
221,9z1pky5is7t
222,bvw94pwpf2za
223,2tdjkf5ltiwv
224,43sh43bp10b
225,j0cdpb7jyo
226,iy2oignsbmct3x
227,n09x9l82zzw8a
228,s9tp3gek43arj2
229,g1nj2o8fyg
230,2t2qx7oa4vv
231,2l1gz8qd0ebq6
232,8sijd9sp5pg9q6d
233,ha0inltjvnmg
234,091g5nixbz
235,hqhlbuoylty
236,1jcp5jaq47zp
237,p2q0bz9p0g4l3qh
238,s5haen3e2e559y
239,0kfwjp1loo23ly
240,70hnjp0e9or
241,xghc2hhxw25
242,9z2vxq5vkc
243,nieijiacb34lvewr

